filter_i,filter_j,delta_mse,t_stat,p_value,significant
0,0,1.4803400517848786e-05,2.016943932274935,0.0218534629263915,False
0,1,1.1885180356330238e-05,1.415919526643016,0.0784027805130803,False
0,2,-3.707957940690676e-09,-0.9622216810437764,0.8320284442023622,False
0,3,2.7149491870659404e-05,4.384747601071815,5.818356113741125e-06,True
0,4,0.0003301131364423,7.837229825008043,2.3501631487010176e-15,True
0,5,5.652600520988926e-07,0.8894362513061309,0.1868865653255905,False
0,6,1.5941246601869352e-05,1.5340321710957463,0.0625141672879109,False
0,7,2.7548274772470904e-08,1.989520522683997,0.0233247242680675,False
0,8,6.995547323640494e-07,1.3372763310343168,0.0905693980004161,False
0,9,7.06938729777562e-10,0.1216161014986972,0.451601785249999,False
0,10,-3.686452032525267e-07,-1.207860165026013,0.8864464948786727,False
0,11,-4.313216450668733e-08,-1.6336168946667269,0.9488270590671996,False
0,12,-1.3319072422746106e-07,-3.288983045499178,0.9994968876312508,False
0,13,3.622160988925316e-07,1.1359460500842462,0.1279924100233492,False
0,14,-4.3468605781527003e-07,-3.089052503895603,0.9989954465079778,False
0,15,-1.861963596638816e-07,-0.8588234571245424,0.8047788919512442,False
0,16,1.6276246242341585e-05,0.9443287773998804,0.1725032108501075,False
0,17,1.051066465151962e-05,0.3206336375226181,0.3742447201414179,False
0,18,7.571606452927426e-09,0.7085095098387938,0.2393161760761649,False
0,19,-1.753855758579448e-05,-1.4434764685661958,0.9255535859857816,False
0,20,0.0003069269878324,6.854582501656368,3.619171138003032e-12,True
0,21,-9.702291237090321e-08,-4.445461835835977,0.9999956050148668,False
0,22,3.493310032354202e-06,0.5967698309981206,0.2753319398247555,False
0,23,-3.1716751891508466e-08,-1.2016226537656496,0.8852421531068777,False
0,24,3.433878181802185e-10,0.0196663030491987,0.4921548268289421,False
0,25,9.766818402567878e-05,3.2483818580933828,0.0005807160378752,False
0,26,5.11825746229988e-08,0.3041897400537658,0.3804923303337475,False
0,27,-3.1518530363428e-07,-3.381838203700392,0.9996396999233904,False
0,28,2.0789770132978447e-05,1.9005023885726031,0.0286866059127823,False
0,29,1.1227041341044242e-06,0.1779442850265994,0.4293837414477326,False
0,30,1.8471382645657288e-06,0.1684819400770349,0.4331024303815178,False
0,31,-2.5816659032784628e-08,-0.519685533289216,0.6983574150206471,False
0,32,1.6910076737985946e-05,1.819768525466392,0.0344002468155546,False
0,33,-1.6173074982361868e-05,-0.620359161635702,0.7324878498219285,False
0,34,-1.0044967666544835e-06,-1.6213503967722611,0.947525457038718,False
0,35,1.1781359717133457e-05,1.3104631081596336,0.0950227460289849,False
1,1,6.832122744526714e-05,4.579633460215521,2.334803555042105e-06,True
1,2,-4.400740635901457e-06,-0.973265809081078,0.8347869403291691,False
1,3,4.6835761935426496e-08,3.9402638898922953,4.075362339641629e-05,True
1,4,-3.708801488144786e-09,-0.8068516544932411,0.7901220219588243,False
1,5,1.6749735820553724e-08,0.641773744635253,0.2605115832484694,False
1,6,9.10349172045244e-06,2.227824936873351,0.0129484055015426,False
1,7,-9.205957773872342e-09,-0.6830507525469321,0.7527109638489744,False
1,8,1.616921423419626e-07,2.526516176208659,0.0057615987271923,False
1,9,6.5816037064792e-09,0.4815885539671969,0.3150502280653213,False
1,10,-2.59558248671965e-07,-1.6522128797482785,0.9507511461462024,False
1,11,1.04518028365419e-06,1.661599788997997,0.0482997906551566,False
1,12,5.6673619837965816e-05,1.917885638093462,0.0275657226656959,False
1,13,-9.78334213641574e-08,-1.533251120301519,0.9373897054999228,False
1,14,-3.561930128626045e-08,-0.068999849799755,0.5275049866446708,False
1,15,0.0001754192198859,7.34313047762696,1.0597850974206063e-13,True
1,16,0.0001959649380296,5.846430271766467,2.527391517232127e-09,True
1,17,5.006961032449908e-07,3.1375103534193007,0.0008524617692221,False
1,18,-5.404949661169667e-07,-0.5599902914211182,0.712255662380261,False
1,19,5.05495414415691e-08,3.135959322992031,0.0008569820819722,False
1,20,9.124029020313174e-05,2.799874497712989,0.0025571455052752,False
1,21,1.179255892935771e-08,3.882346695507235,5.179586048288454e-05,True
1,22,-6.549323927629302e-08,-1.8727002588084176,0.9694420668226424,False
1,23,-6.608028568777512e-10,-0.2292917052859939,0.5906784111439559,False
1,24,2.8875339808109857e-07,3.2699610084080266,0.0005381905401232,False
1,25,-9.286848268175164e-08,-0.9858342011715798,0.8378902735791338,False
1,26,-3.074051235785191e-08,-1.5801454874068492,0.9429599266214792,False
1,27,1.2542493095679674e-05,0.81420070091206,0.2077670132147234,False
1,28,-1.501901825129437e-09,-0.9255922015723111,0.8226686975989774,False
1,29,1.0671155070696159e-09,0.5666258859698698,0.2854855177646311,False
1,30,6.440955502284852e-08,1.2792221674300366,0.100412510312893,False
1,31,3.943837256770166e-09,1.5583360156582506,0.0595801068682304,False
1,32,-7.621665787382882e-08,-0.808581734043811,0.7906201071696435,False
1,33,6.497444249298211e-10,0.0191101131242177,0.4923766716456784,False
1,34,-1.048953279791931e-07,-0.0233866044489453,0.509329006260939,False
1,35,2.818437110363448e-07,0.4666231572540095,0.3203858177461239,False
2,2,0.0007575482013635,11.732678776721016,4.789407717074031e-32,True
2,3,-6.205883096299658e-08,-2.1793594978029525,0.9853450895400097,False
2,4,2.630292556204949e-06,2.2775550065550614,0.0113787423979017,False
2,5,1.2003450137854088e-05,1.350298338865908,0.0884633383136423,False
2,6,-4.08771825277654e-08,-0.1545652038027604,0.5614176230063385,False
2,7,-7.016640046764167e-10,-0.0369768505668663,0.5147481912107288,False
2,8,3.5728935365852972e-09,0.0241668624417788,0.4903598054433254,False
2,9,-4.2712137826583785e-08,-0.0548216299562077,0.5218596017768447,False
2,10,4.421071025717538e-06,0.603768996868751,0.2730000450040147,False
2,11,-1.4142468529598773e-08,-0.1059226851185612,0.5421779309099581,False
2,12,-6.013321751652256e-08,-0.3142959873108908,0.6233511936687939,False
2,13,3.1692707125330344e-08,0.2518963075964634,0.4005611465102287,False
2,14,3.746322363440413e-08,0.5249948442247659,0.2997946008837076,False
2,15,4.2630603047655313e-07,2.2816716085301927,0.0112565483029796,False
2,16,-3.364723397680791e-07,-2.4034191243894045,0.9918768345979592,False
2,17,8.128314448185847e-07,0.131087968882811,0.4478531341471434,False
2,18,3.91133625043949e-07,0.7712426712061531,0.2202834527143881,False
2,19,-6.024575327501225e-07,-4.74608472363128,0.9999989600551756,False
2,20,2.6263820473104715e-05,1.1401418582121878,0.1271164495811668,False
2,21,3.3492661088985194e-08,0.3380344757294113,0.3676693435391248,False
2,22,-6.006643360478847e-08,-0.2620061411516627,0.6033410836073498,False
2,23,-5.5719837632750575e-08,-1.0375989315376557,0.8502689766800237,False
2,24,1.4395837411029788e-07,2.4236533376513125,0.0076844695756495,False
2,25,0.0001946576230693,4.9449532698614425,3.820948677926006e-07,True
2,26,7.515795630297363e-08,0.1577217056449951,0.4373383799580674,False
2,27,-1.845330110938903e-08,-2.030404774586714,0.9788395409409808,False
2,28,-1.5876659986702183e-08,-1.7107178422708744,0.9564301604341884,False
2,29,5.914799316997232e-07,0.9999989288378726,0.1586580356835958,False
2,30,0.0001096974592655,5.546189024541996,1.4674948652674862e-08,True
2,31,-2.2209072358947424e-09,-0.1247969439467735,0.5496575850584675,False
2,32,-2.771435845261294e-07,-0.3145015838710495,0.6234292591344214,False
2,33,4.372796320240013e-05,3.645513325784463,0.0001335702413906,False
2,34,2.216607164484685e-08,0.920307529102922,0.1787083522229118,False
2,35,1.935558628929357e-07,0.5328097976015137,0.2970838597504039,False
3,3,-9.17115585252759e-07,-2.013714969686069,0.9779774792153052,False
3,4,-1.1715811751855654e-06,-0.4597050031485846,0.6771349691946946,False
3,5,3.0555170837942576e-08,0.9265964354448092,0.1770703844453537,False
3,6,-1.6322188045592156e-08,-0.3738101879684896,0.6457264042188768,False
3,7,2.2847233083211907e-07,0.6669629877783692,0.2523994920104561,False
3,8,3.269263082472662e-09,1.2647616577339418,0.1029814626595187,False
3,9,1.432419480806857e-07,0.3143516942067831,0.3766276538020539,False
3,10,-2.2526849718929043e-08,-0.3526443080230614,0.6378216672384283,False
3,11,6.972625669732224e-06,2.51885640145867,0.0058884453819173,False
3,12,-4.2104458808367435e-10,-0.3732364590659668,0.6455129436679814,False
3,13,-4.5668110715269005e-07,-0.5652833327509734,0.7140581461551567,False
3,14,-7.887077102530782e-10,-1.3375966617528492,0.9094828520081246,False
3,15,-4.995929892004369e-09,-0.3290287844152328,0.6289323159507338,False
3,16,0.0003233320603612,6.365388407230153,9.827573414650868e-11,True
3,17,1.914952747483767e-07,0.3628238609358557,0.3583690325731232,False
3,18,9.6088188001886e-06,1.6848272029967308,0.0460142104921326,False
3,19,6.657899689344049e-07,2.8452588627246267,0.0022197070136197,False
3,20,8.207083346256637e-10,0.0703432201872284,0.4719603881144311,False
3,21,2.519164752357028e-07,2.993422249670658,0.0013800415402745,False
3,22,6.047768863481906e-08,0.3807087930181137,0.3517105148126197,False
3,23,3.126798375774342e-08,0.9289608789838404,0.1764570180443815,False
3,24,-1.472398025725852e-07,-0.6511802630553467,0.7425333753407087,False
3,25,2.4487005134687934e-07,1.7715437071973117,0.0382383399816609,False
3,26,-1.8797815926063777e-07,-1.1036927954043416,0.8651340202908916,False
3,27,-2.707433623072575e-06,-0.1812829642668619,0.5719268784615932,False
3,28,-1.0453082950334649e-06,-0.1151252145659066,0.5458268218031521,False
3,29,1.666701194835696e-07,1.2697386372055357,0.1020919528218052,False
3,30,-5.365945526136784e-06,-0.6362141520048694,0.7376800568382806,False
3,31,2.9935709022765884e-08,1.571270567458252,0.058063205665021,False
3,32,-2.303055310903801e-07,-1.750495114405024,0.9599803450040226,False
3,33,8.093016731436364e-06,1.1383783054455818,0.1274841176141093,False
3,34,-1.639076799619943e-06,-0.9722853519921836,0.8345432437874741,False
3,35,3.422786107876164e-07,0.3844510091191479,0.3503229522887502,False
4,4,6.506296631414443e-05,4.599886864830427,2.118998355901944e-06,True
4,5,4.363038375032602e-09,0.6476002600645073,0.2586233144025056,False
4,6,1.0145320175070085e-06,0.7200880072974855,0.2357371600532712,False
4,7,7.739792806660262e-09,3.142888692766688,0.0008369565090276,False
4,8,0.0002786197583191,6.71999054978393,9.18814462407234e-12,True
4,9,-5.671352937497431e-06,-2.50194934126316,0.9938227686003156,False
4,10,-1.998877152686873e-08,-1.098738432011762,0.8640561552584614,False
4,11,-2.738423461323692e-07,-2.336188190707459,0.990257233789032,False
4,12,-4.12710399189109e-08,-1.4639102222119804,0.92838748305553,False
4,13,-4.0423639546816055e-08,-0.4128188652722153,0.6601294130293871,False
4,14,4.170579614992676e-08,4.3527229854936,6.73674331936777e-06,True
4,15,5.372384475776926e-05,2.5101688509612763,0.0060353046655204,False
4,16,2.885594767576549e-05,3.049662741348998,0.0011461169190787,False
4,17,8.575375431973953e-07,1.6863991600106625,0.0458627235195246,False
4,18,4.761714080814272e-05,3.915231428959949,4.52211729258416e-05,True
4,19,-5.133356140163414e-08,-0.176105888095238,0.5698942506429968,False
4,20,-1.166751317782655e-07,-1.720837206993329,0.9573565908519492,False
4,21,-3.2085317513974594e-08,-0.424063839972833,0.6642394211125988,False
4,22,2.243697235826403e-05,0.6785242965518762,0.2487212989200515,False
4,23,-4.239042894482736e-09,-1.928425268247096,0.9730959267088056,False
4,24,0.0001722505403449,5.640141683752331,8.5432223651694e-09,True
4,25,0.0003263538819737,7.364291193697757,9.047062551258692e-14,True
4,26,1.8816059309756383e-05,1.8657997796149208,0.0310377415171632,False
4,27,-4.5830383044176415e-08,-1.066223846753701,0.8568360840221967,False
4,28,-1.8192913842085545e-07,-2.302110392408516,0.989333395147108,False
4,29,-3.2023123708313506e-08,-0.7724529071207173,0.7800749825084667,False
4,30,4.8869951569940895e-05,3.5094326105260456,0.0002247376474175,False
4,31,6.517469591926783e-05,4.005723088397226,3.096060288352252e-05,True
4,32,0.0005500988918356,12.568794287567307,1.7875015230889084e-36,True
4,33,0.0001989504526136,6.765680294505641,6.7101912096512905e-12,True
4,34,-3.785613955642475e-08,-0.0572971033665397,0.5228456167835795,False
4,35,6.570873665623367e-05,3.8509028086481583,5.891798455839926e-05,True
5,5,3.2570088848160594e-08,1.6895966193653162,0.0455558262576086,False
5,6,3.1873757961875526e-06,0.6860208545476193,0.2463516369247689,False
5,7,1.4837906903153453e-08,0.8535543807563867,0.1966781035752993,False
5,8,-4.8375024874758317e-08,-1.531184684681314,0.9371348248547002,False
5,9,1.9001743112312402e-07,3.6693265900485135,0.0001217267403078,False
5,10,9.000127865199659e-10,0.0594955754755234,0.4762788186877372,False
5,11,0.0001400492037646,5.157462219716321,1.2565627210358885e-07,True
5,12,1.1607282246473004e-08,1.9300875663161532,0.0268009390846567,False
5,13,0.0001321169402217,4.893655297901909,4.965038654015509e-07,True
5,14,-5.331834884714227e-08,-3.390277812842689,0.9996506095956026,False
5,15,0.0001945816184161,6.411420462417242,7.275317629683505e-11,True
5,16,3.946926767639525e-07,1.5883693712237106,0.0561047154772052,False
5,17,5.225849122325599e-07,1.622567792665471,0.052344201361596,False
5,18,-9.83716017799452e-06,-1.4269465513807358,0.92319909438077,False
5,19,-1.0229025519947754e-06,-0.9221812900435902,0.8217806702259582,False
5,20,-9.86404870673141e-07,-1.407451817938722,0.92035003215613,False
5,21,-3.0713838139462273e-09,-1.40297808838714,0.9196850767601068,False
5,22,6.689388243330542e-08,4.249970415950525,1.0710105316307396e-05,True
5,23,7.374609367616358e-09,1.2564347712896062,0.1044822505546345,False
5,24,6.176605182872663e-08,0.6638480567373718,0.2533953776922586,False
5,25,-1.263627211756102e-07,-0.8480042315023038,0.801780076957896,False
5,26,-8.486840670229867e-06,-1.0607376359204077,0.8555927537601333,False
5,27,-1.5514233453473025e-08,-2.233151066829268,0.9872282108547196,False
5,28,-3.335120709380135e-06,-0.4086790414567397,0.6586114794403137,False
5,29,-4.1184614474332193e-07,-0.7528949130522824,0.7742416196895455,False
5,30,5.315055750543252e-05,2.733758444152742,0.0031319462033441,False
5,31,-3.640012735672826e-08,-1.838603463003832,0.9670101445412652,False
5,32,-1.2641022806292312e-07,-2.628313437019441,0.9957081628011788,False
5,33,2.3806443039120495e-07,3.0224920168714027,0.0012541749198285,False
5,34,7.890740505445137e-08,1.3908898519712494,0.0821326416194722,False
5,35,1.3576604942500126e-06,0.8794600328281436,0.1895781503177082,False
6,6,8.98533544386737e-05,2.562804641731594,0.0051930343573975,False
6,7,1.655672718925416e-07,1.7895011306623332,0.0367702263977456,False
6,8,2.22208251798861e-09,0.0799708459536372,0.4681303884515377,False
6,9,1.8401952672775226e-07,1.3911489687076608,0.0820933556760799,False
6,10,4.936801474286767e-07,1.5928082740310172,0.0556048991891537,False
6,11,-2.1715338860417432e-08,-0.216474711249003,0.5856906719907915,False
6,12,1.1807730260215977e-07,0.7619276159969305,0.2230534766938657,False
6,13,8.4152603108123e-08,1.849707269561216,0.0321809498979032,False
6,14,-1.752005651667332e-08,-0.0717532316966904,0.5286007041409997,False
6,15,1.6629401500267704e-07,1.0105225719813975,0.156125044331914,False
6,16,-1.4744003795641447e-09,-1.5831298657730066,0.9433007693734444,False
6,17,3.4354531663893795e-08,0.6467546029733151,0.2588969363551595,False
6,18,3.9076196117093787e-05,2.6165980212554354,0.0044419352110062,False
6,19,4.424476784947728e-08,1.295972558863243,0.0974955877847392,False
6,20,-4.69203314423794e-07,-0.9640357774977234,0.8324835752461179,False
6,21,4.311240263632499e-05,3.0902774631701924,0.0010004201749796,False
6,22,3.3391155739082024e-05,2.931310720097927,0.0016884713847385,False
6,23,8.064131407081732e-07,0.5352333007118025,0.2962455116895049,False
6,24,3.701997411553748e-05,1.8550501884448376,0.0317975959697901,False
6,25,-1.4525637936912974e-07,-1.0299529863276071,0.8484813652421676,False
6,26,-1.5984909396138394e-07,-0.3704005316270565,0.6444571432706931,False
6,27,-6.864531165717835e-09,-0.3688256454389371,0.6438703420024241,False
6,28,3.889579431870516e-07,1.972296445303558,0.0242907554044334,False
6,29,1.8909264554167748e-06,1.4663951697619282,0.0712736089015952,False
6,30,1.3368316176265438e-10,0.0142902147026592,0.4942992529055763,False
6,31,4.83672879525443e-09,0.074255375113186,0.4704037470665596,False
6,32,5.597367547238719e-08,0.254412202312431,0.3995891078345872,False
6,33,1.2474009054130876e-05,0.821026975412361,0.2058174919437482,False
6,34,1.0477528121555224e-05,0.9861418514368376,0.1620342418340712,False
6,35,1.0323684364266228e-05,1.0395011286254234,0.149288486857418,False
7,7,-1.992174780696132e-08,-0.5096796664836474,0.6948608771325395,False
7,8,4.5895472311485725e-08,2.126588392461272,0.0167296942976577,False
7,9,6.68260213387839e-07,0.6861073943437007,0.2463243525308077,False
7,10,7.794299676788796e-07,1.6309945759957143,0.0514490149880494,False
7,11,-3.039072282717825e-07,-0.6188864375115147,0.7320029434290103,False
7,12,4.04861168590287e-07,3.3944611403504394,0.0003440972671864,False
7,13,-1.6302232097586966e-07,-2.923293961640751,0.9982674440449838,False
7,14,3.1492508600905467e-10,0.0780774431285887,0.468883387947869,False
7,15,2.6530773311606026e-07,3.1981805409643096,0.0006919372934863,False
7,16,-6.084154335894709e-08,-0.8876589277075111,0.8126356516283193,False
7,17,-1.94140753251304e-07,-3.099240496150418,0.999029351593552,False
7,18,-2.1269359606890248e-08,-1.917920612283295,0.972436495149554,False
7,19,1.339582524906291e-07,2.094851911332576,0.0180946954887747,False
7,20,-2.0707034309452865e-08,-0.4148110478040952,0.6608589566359186,False
7,21,-2.6118655682694225e-07,-1.4927562884046863,0.9322462145006464,False
7,22,-3.6541399595080293e-07,-2.488475545545497,0.993583713906853,False
7,23,4.247901415510569e-06,1.1760567586722035,0.1197890166156638,False
7,24,-1.1494150520263702e-08,-0.046484614543352,0.5185379049075418,False
7,25,1.2639268334169174e-06,0.1367155137679451,0.4456281201538883,False
7,26,4.365876122847112e-07,0.9915749605715668,0.1607049556449721,False
7,27,-1.764879726806612e-07,-3.0039716694410403,0.998666911849884,False
7,28,7.199749234132469e-05,2.754348881698598,0.0029415598608421,False
7,29,-2.231985973821793e-07,-0.8115931518399454,0.7914854250841457,False
7,30,1.9329389999711569e-07,1.8889634192699951,0.0294513790265441,False
7,31,-4.5780051749488855e-08,-0.2354350351368734,0.5930639493627535,False
7,32,-2.036717432929436e-06,-2.1971749360592394,0.9859936400686454,False
7,33,0.0002082220307784,5.9707425233045655,1.1891627788870434e-09,True
7,34,5.068838682120713e-09,0.1972603528060952,0.421812319751681,False
7,35,-1.0177941156541692e-08,-0.7453974079631485,0.7719824183909694,False
8,8,8.100417403511528e-08,0.3420049804152492,0.3661743213612098,False
8,9,-8.939732509816167e-09,-2.2868840937941592,0.9888965374028392,False
8,10,1.1047580272816049e-07,2.2042731251867487,0.0137549366391883,False
8,11,3.887128912083426e-07,1.1687137964123535,0.1212623852004553,False
8,12,7.46618411540112e-08,1.4448590544667446,0.0742520062413133,False
8,13,0.0001333872496616,3.59787158521574,0.000160577281072,False
8,14,3.083316046925688e-09,0.2160594946038616,0.4144711457203458,False
8,15,-1.4999612663046946e-10,-0.0325066473854771,0.5129659248736745,False
8,16,2.150282853108365e-05,1.5259041352234382,0.0635201673490365,False
8,17,1.959317614819156e-07,2.077986158018511,0.0188579698908566,False
8,18,-1.234334234823109e-07,-2.421602221465174,0.992272030804823,False
8,19,-1.0780794923448413e-07,-1.6295406304049402,0.9483974059462662,False
8,20,1.2352475096122362e-06,0.4806400681070004,0.3153872626273931,False
8,21,-1.0963836949429153e-08,-0.202275027103978,0.5801487100597211,False
8,22,8.406035340158269e-05,4.164262624572825,1.5645287220790625e-05,True
8,23,-1.9028945086319027e-10,-1.7018464051948663,0.9556046770896328,False
8,24,3.335510001534203e-08,1.0438382587207753,0.1482827442999855,False
8,25,4.119045479455963e-05,2.9067641717227533,0.0018267777561144,False
8,26,-1.232016870744701e-07,-1.4551187172445366,0.9271785284713,False
8,27,-9.263794709113429e-08,-1.9612803876677949,0.9750739496585408,False
8,28,-4.386633833952658e-10,-0.0721383512647285,0.5287539466891528,False
8,29,-2.2807657984458277e-08,-0.3459410910439943,0.6353057479011801,False
8,30,3.001519246481621e-07,1.710882758987871,0.0435546122308976,False
8,31,6.105532435185523e-08,0.2253432978322755,0.4108565895168088,False
8,32,9.122230949287768e-06,4.149077639448096,1.6719617277337077e-05,True
8,33,1.700739460375189e-08,0.2751331537430862,0.391607563148583,False
8,34,8.159897646464742e-09,0.0525074539157905,0.4790622874217835,False
8,35,1.4470778353370406e-08,0.4393668510666927,0.3301988606497796,False
9,9,5.842804853273265e-07,2.004676591832536,0.0225016213872236,False
9,10,-8.049212141258978e-08,-0.8666353915931709,0.8069269244944446,False
9,11,3.2332099220155892e-09,0.1844733053653399,0.4268214734747053,False
9,12,-1.838059038306028e-09,-0.8471817721499151,0.8015509804010006,False
9,13,5.1560935077077374e-08,2.73901728645399,0.0030822943950922,False
9,14,-5.306796779791512e-08,-0.8757497940758023,0.8094147725354133,False
9,15,-6.050616718766832e-08,-0.907705115015208,0.8179806992731441,False
9,16,-4.0967169212535743e-08,-0.2387790552160958,0.5943610338830096,False
9,17,-2.719077585311425e-08,-0.4854503328711133,0.6863204232409323,False
9,18,-3.1999125127413215e-08,-1.0454283874669126,0.8520848544423587,False
9,19,-5.15868532602326e-06,-0.8666119536139019,0.8069205014589647,False
9,20,3.584340902307304e-06,1.1540340218817202,0.1242459857031672,False
9,21,-1.1891679640996244e-08,-0.2467828468792159,0.5974613287896502,False
9,22,0.0001491187140345,6.242872755661519,2.1659674097056602e-10,True
9,23,1.1278768141664841e-07,1.625774044770511,0.0520021509577448,False
9,24,-5.0167386689281563e-08,-0.1574634993674089,0.5625598824294125,False
9,25,1.957048212375412e-08,0.1891655456807927,0.4249819355539165,False
9,26,5.2758242219397295e-08,0.1728016758746008,0.4314040244406815,False
9,27,9.352837254672508e-11,0.2700933469880719,0.3935448012032484,False
9,28,-5.832541116745915e-09,-0.5790941306821201,0.7187358100945302,False
9,29,0.0005491629708558,8.935419453176221,2.0983650960309471e-19,True
9,30,2.5334347242278454e-07,3.4809897808475374,0.0002500042967447,False
9,31,-9.895482122601609e-08,-1.0768518035138848,0.8592240528884757,False
9,32,2.302411530763493e-06,0.5476871138734581,0.291954655229013,False
9,33,1.2507829296737327e-06,1.721317196140581,0.0425998647416534,False
9,34,-5.524435096049274e-07,-1.494251568648273,0.9324417713211453,False
9,35,2.7821570256492123e-05,1.8770612072588155,0.0302578853238185,False
10,10,0.0003454909019637,7.762640805829327,4.240989709452435e-15,True
10,11,-4.002170683747863e-08,-0.2779118982569307,0.6094594059903575,False
10,12,-1.9236610526718323e-08,-2.183667313417117,0.9855042341783252,False
10,13,-1.192467948385456e-06,-3.2813178325057004,0.9994830150319431,False
10,14,-5.465290797701528e-08,-2.157446181008713,0.9845120668367978,False
10,15,-1.9408225027106599e-10,-1.0837598815424656,0.8607616372959346,False
10,16,9.70402907114476e-05,4.10270661185812,2.0450930606717225e-05,True
10,17,6.0764228692278266e-05,5.199843884956654,1.0013642644043577e-07,True
10,18,8.042455192480702e-06,0.8997957397764305,0.1841167398105708,False
10,19,2.217956707184498e-09,0.0573471560458964,0.4771344479699477,False
10,20,7.138795581340673e-07,0.4978794948767803,0.309285631787668,False
10,21,3.614534216467291e-05,1.8207235304363265,0.0343275608902759,False
10,22,2.904370148826274e-07,1.516452443607865,0.0647057886839109,False
10,23,5.42868701380872e-11,0.0727258183363867,0.4710123030747704,False
10,24,3.7347788861552544e-08,0.8446994663324993,0.1991414355060922,False
10,25,-2.7638700430543395e-06,-0.2951054527022309,0.6160426990729367,False
10,26,4.569711009594357e-08,0.729385429795411,0.2328847448873314,False
10,27,-2.7759861076503967e-09,-0.2770132891009304,0.6091144520534861,False
10,28,-1.3445855984173251e-08,-1.0453065699870645,0.852056714827597,False
10,29,1.5087333338215106e-07,0.4200133202189934,0.3372388022359193,False
10,30,7.378107966360403e-06,2.188444136914914,0.0143210361039838,False
10,31,-3.483702215589801e-08,-1.1904864294146489,0.8830694235237455,False
10,32,-1.0767462299554609e-07,-0.2998100791854625,0.6178383370062311,False
10,33,4.957528858540172e-07,1.322539569679118,0.0929974241502525,False
10,34,2.1895444035635594e-07,0.6421196720006626,0.2603992765083667,False
10,35,2.8106189347454347e-05,2.096434497253138,0.0180244450479979,False
11,11,5.575891918851994e-06,3.271349573396907,0.0005355552981583,False
11,12,-5.1681702473160846e-08,-2.1789115432674766,0.9853284546840348,False
11,13,-4.787793272953422e-07,-1.1213706814000672,0.8689321375179327,False
11,14,-2.2644620401024443e-08,-0.4761696927124463,0.6830221708276549,False
11,15,1.8692157155442143e-08,0.6166057156041092,0.268748875185915,False
11,16,1.8570199245004915e-05,1.5362882391977957,0.0622371496177847,False
11,17,-5.62660943614901e-07,-3.696409864339526,0.9998905434138664,False
11,18,-6.640978966743205e-08,-0.2004117377347827,0.5794202849604118,False
11,19,1.334166245214874e-05,1.6877357695936184,0.0457342320966134,False
11,20,7.66823814046802e-06,1.116427524511282,0.1321223851332384,False
11,21,5.204190074437065e-07,0.5531773305790867,0.2900722833665086,False
11,22,-2.6420973853191757e-08,-1.2997452466669388,0.903152728061962,False
11,23,-2.665715896910115e-07,-0.9440047046647244,0.8274140002769983,False
11,24,2.911390772908362e-08,0.2326260039323165,0.4080264128026607,False
11,25,-5.274770842333965e-08,-1.1125624195279769,0.8670490077654853,False
11,26,-9.75805534153551e-08,-1.1848967043527316,0.8819679190726883,False
11,27,-1.602928421107208e-07,-1.1248634552094183,0.8696737353148043,False
11,28,9.547684385324828e-07,0.5253597414714112,0.299667781490343,False
11,29,3.531860784278251e-05,3.784165680122634,7.72062535376907e-05,False
11,30,6.76276431477163e-06,1.5703300065150545,0.0581724767698051,False
11,31,4.3170651053969784e-08,0.213550104698339,0.415449410060625,False
11,32,-4.6032782847760245e-06,-2.971592631835689,0.9985179678988476,False
11,33,0.0001215441516251,6.049404748001218,7.322755708362243e-10,True
11,34,-3.889229276410333e-07,-0.2103683880031595,0.5833094715192157,False
11,35,-2.2235273622328573e-09,-0.0138600333763489,0.5055291474699295,False
12,12,0.0005122162983752,8.348986847842,3.5333155563326963e-17,True
12,13,3.780462876079582e-08,1.5759475822206486,0.0575222397353104,False
12,14,3.083875599330099e-09,1.447752437493006,0.0738464177107268,False
12,15,0.0050952802412211,26.84546747740217,7.003383956419589e-158,True
12,16,-3.326913713408431e-07,-1.1324573376881613,0.8712760638915835,False
12,17,-2.817839073188111e-09,-0.1230490699596793,0.5489656217179774,False
12,18,5.49137162408897e-08,0.5817460081661969,0.2803702553542085,False
12,19,7.299674642524678e-09,2.5733322518669643,0.0050377110376593,False
12,20,1.253724519756361e-07,1.5809941020804588,0.0569429902533092,False
12,21,4.3424099871458566e-09,0.8992055946416191,0.1842738376828724,False
12,22,3.6132807963440423e-06,1.4037098821094165,0.0802058665906609,False
12,23,-2.0355163599106166e-07,-1.0626116312101312,0.856018269772892,False
12,24,-6.097489801959456e-08,-1.1607567212060073,0.877126687412706,False
12,25,-6.693164777971107e-08,-0.8095231121759399,0.7908908349021755,False
12,26,-4.54519721415636e-07,-1.465162583225541,0.9285584397662244,False
12,27,5.256880740489578e-06,0.4591627950097208,0.3230596732912163,False
12,28,6.707210076228877e-08,1.4056733542660516,0.0799138103009458,False
12,29,-1.4456608710133878e-07,-1.4498696157060025,0.9264492896435094,False
12,30,5.118487251820625e-07,0.2285484636518646,0.4096104293766227,False
12,31,2.191460790612609e-09,0.719750488250765,0.2358410708004799,False
12,32,-3.682122269310639e-07,-0.5082979493263658,0.6943766271033694,False
12,33,1.7213102054824958e-08,1.6463799504684302,0.0498460551126937,False
12,34,-1.9153888786149767e-07,-0.4337212259645486,0.6677535791050524,False
12,35,-2.2477099292927963e-08,-0.3430518311474232,0.6342195143484164,False
13,13,0.0005010233144275,8.899322863501816,2.9050705007875703e-19,True
13,14,-2.393657494437207e-09,-0.0331105265958372,0.5132067069366198,False
13,15,6.881492264909639e-09,0.1318375750181607,0.4475566591944994,False
13,16,0.0001231094356626,3.832828840748628,6.34198253175412e-05,True
13,17,1.6400388631154783e-05,2.752835621494023,0.0029551883721721,False
13,18,1.2995971410134644e-08,0.0618157674377718,0.4753549022420523,False
13,19,9.318604554664487e-09,0.054989156382618,0.4780736658607314,False
13,20,0.0007084274548105,9.341435751816626,4.9484643396772296e-21,True
13,21,-4.736342429367824e-10,-0.3135786335439565,0.6230787733785801,False
13,22,2.764530506738083e-07,0.9453445944553628,0.1722438704554326,False
13,23,7.14939858426078e-08,0.6853339230553602,0.2465682711473263,False
13,24,-1.7382197370352517e-07,-1.1184572383188405,0.8683113190730627,False
13,25,3.469073250883525e-09,0.1029353345164193,0.459007362055979,False
13,26,1.8102249669027515e-05,1.8825081713824492,0.0298865497804583,False
13,27,-1.015848241081585e-07,-2.069889597438572,0.9807659875481426,False
13,28,5.780452738690656e-06,0.5225428229623208,0.3006474261477049,False
13,29,4.838842642129748e-07,1.3055770220062948,0.0958513505802095,False
13,30,-4.246622253845089e-08,-0.5257550282543391,0.7004695723015208,False
13,31,1.6872095898179398e-07,0.3301558103196022,0.3706418383408499,False
13,32,0.0002752626314759,9.487159242661678,1.2393710383473576e-21,True
13,33,0.0002375062176724,8.269123683773786,6.91856168629196e-17,True
13,34,-1.5741095921839587e-05,-1.3088194163689415,0.9046991002948293,False
13,35,-1.4553247495996402e-08,-1.1196352255896684,0.8685625774278656,False
14,14,-1.6712804153939942e-06,-0.7894027827778062,0.7850597338131826,False
14,15,2.0787064158867002e-07,1.0706452525037924,0.1421671778895889,False
14,16,1.0626063158269972e-05,1.9716135905928571,0.0243297363677691,False
14,17,-1.75339579300271e-07,-1.6117528832246326,0.9464888475757676,False
14,18,3.6412137749408653e-09,0.647813928749311,0.2585542031770196,False
14,19,9.147597302217036e-05,4.631284169270089,1.8217850533823595e-06,True
14,20,1.0029415307144518e-06,3.39729388204275,0.0003405554464081,False
14,21,0.000334849813953,8.248134935713955,8.246330232043801e-17,True
14,22,0.0004748216306325,7.549229266077166,2.2278693942826182e-14,True
14,23,-4.45325998299495e-09,-0.9223168916165068,0.8218160273690776,False
14,24,-1.140052532377922e-07,-1.4628858469069563,0.9282474148862766,False
14,25,-6.95696940056223e-08,-1.1448685002538517,0.873865326315486,False
14,26,1.104756677250407e-07,1.00806275818779,0.1567147102516193,False
14,27,-4.917175999707979e-09,-0.2580965504063525,0.6018332493904218,False
14,28,-7.056814865791239e-06,-1.5578046049615109,0.9403569138823537,False
14,29,-1.2322931979724672e-05,-2.12511857558474,0.983209091300087,False
14,30,6.332708579748214e-09,0.186663366541287,0.4259626849864764,False
14,31,-9.019954561040322e-09,-3.129700761226142,0.9991245531585898,False
14,32,-2.8964045668544718e-06,-4.148707301133183,0.999983253325908,False
14,33,-1.2205219945826684e-07,-1.6678863278413747,0.952327588783603,False
14,34,2.502056872799585e-07,0.2808690020868934,0.3894060441441326,False
14,35,-6.062383590688114e-07,-0.8230053812405198,0.7947454873788906,False
15,15,1.466334387245638e-09,2.644645939733514,0.0040901533008221,False
15,16,-2.8365293474053037e-06,-2.520040829274078,0.9941313293473352,False
15,17,9.574051773597605e-07,1.4440872717976991,0.0743604800615713,False
15,18,5.858123763857748e-09,0.6945746900901615,0.2436626213996554,False
15,19,1.0168590591774773e-07,4.078938232208978,2.265743323505737e-05,True
15,20,1.9441563026134645e-08,0.6233887569478711,0.2665160244464113,False
15,21,0.0026176725514233,21.77723720401617,6.1417614602207324e-105,True
15,22,8.309217314206307e-09,1.1055053303141842,0.1344731157363146,False
15,23,9.375876963702012e-09,1.116901729785622,0.1320209700618359,False
15,24,-2.49837768251382e-07,-2.6204401463705755,0.995607799009082,False
15,25,1.9712480536782092e-08,1.178814633207862,0.1192389221058824,False
15,26,3.82460676462415e-08,0.8925067859446333,0.186062917507311,False
15,27,3.1791095977951045e-08,0.8241407190704505,0.2049318520805285,False
15,28,-1.9776327064846558e-07,-0.7199505941671931,0.7642205381191116,False
15,29,3.023564545401314e-07,2.4759980251409024,0.0066449281203932,False
15,30,-3.367729846104339e-07,-2.926065651425928,0.9982828028250974,False
15,31,-1.3264829235026811e-08,-0.9861077763862044,0.8379573986925275,False
15,32,8.938681276049465e-05,3.550926358204138,0.0001921226608524,False
15,33,3.9516227843705565e-05,2.8177196520103296,0.0024192899299648,False
15,34,3.268057113814393e-08,0.6694975652185696,0.2515906781125352,False
15,35,0.0001870622945716,6.290442076570067,1.596431067028877e-10,True
16,16,0.0003780636470764,7.742139420492089,4.983299614622608e-15,True
16,17,1.2932612314386917e-08,2.1763012610257846,0.0147688020182714,False
16,18,5.1897028896519266e-08,0.5789432564643333,0.2813150901900995,False
16,19,-8.364971826324563e-09,-0.1154768850539457,0.5459661878035605,False
16,20,-5.965410423414141e-07,-0.4299812791394236,0.6663944044306862,False
16,21,7.4301278800703585e-06,2.4235280562600705,0.0076871203220384,False
16,22,9.866704431260589e-07,0.8661694615884905,0.1932007852668535,False
16,23,-2.4195998094000973e-08,-1.568442819249059,0.941607789095084,False
16,24,-1.4147347293658186e-08,-1.5688191701501102,0.9416516613681296,False
16,25,-1.133011124920813e-07,-1.1095254611814505,0.8663954350163748,False
16,26,-2.0977768411256648e-09,-0.5559392715228593,0.7108725181013094,False
16,27,-1.0863843158404053e-07,-0.8539959326636848,0.803444245838273,False
16,28,-2.9186053573937443e-09,-0.0628173915091769,0.5250439107147966,False
16,29,1.1475034256136497e-07,0.9480010916711362,0.1715668374465755,False
16,30,9.377876995131372e-05,4.713940422371636,1.2182660973534565e-06,True
16,31,3.7406884985102806e-06,0.7103666243333756,0.2387401342425308,False
16,32,-3.9072247659532884e-08,-1.622094100482628,0.9476051129395836,False
16,33,5.611723827314563e-05,2.9069414004239955,0.0018257432907408,False
16,34,1.2568504015320059e-09,2.1305312030639407,0.0165664277710484,False
16,35,2.0302711334352352e-07,0.3997496935032597,0.3446713334975365,False
17,17,0.0006330834003165,9.614166357199888,3.6454990060707874e-22,True
17,18,2.4522098129864393e-08,0.4179142598337178,0.3380058385860589,False
17,19,-6.453583267784779e-08,-1.81283930478625,0.9650685705732776,False
17,20,1.749705234033172e-07,0.2619396349621885,0.3966845533686461,False
17,21,8.007428609069223e-10,1.8843838594567868,0.0297595568225255,False
17,22,-4.8217380310688895e-08,-0.5193991916829458,0.6982576041392017,False
17,23,3.711516782800573e-08,2.640816856254027,0.0041366605159297,False
17,24,6.622858927585185e-05,1.9950783432366777,0.0230199919867964,False
17,25,-1.9338089884968213e-07,-0.9522461546747076,0.8295115213255316,False
17,26,-3.871558647006168e-07,-2.3612495957554542,0.9908912785836788,False
17,27,-1.8429396675401225e-08,-0.9599561927279636,0.8314589488111945,False
17,28,8.619527761766221e-06,2.2332960771569583,0.0127670098403934,False
17,29,3.1434094125870615e-05,2.622781696450142,0.0043621354813792,False
17,30,0.0002527159231249,5.429133785293165,2.845119843808732e-08,True
17,31,2.0095892978133637e-05,1.3338029470472206,0.0911373893466936,False
17,32,1.3718390619033016e-06,0.2362422121108384,0.4066228673255454,False
17,33,7.4229424171790015e-06,0.9065042424410268,0.1823367872790844,False
17,34,1.7821996323164058e-08,0.3160732319676549,0.3759741496232119,False
17,35,5.7285262300865725e-05,2.911594276121436,0.0017987747997985,False
18,18,8.837123459670693e-05,3.0006665206110075,0.0013476392446892,False
18,19,-4.182648262940347e-05,-2.5558062400602366,0.9947013678136516,False
18,20,-3.75639466199118e-08,-0.5632446606309929,0.713364535789786,False
18,21,2.8604075552607355e-08,1.975834178739516,0.0240896416087947,False
18,22,-9.830185263126625e-06,-2.152930021441487,0.9843354252467876,False
18,23,1.9925113292629248e-07,2.0962442619450488,0.0180328772123446,False
18,24,-1.208083322268294e-08,-0.5691088191861944,0.7153575206147768,False
18,25,-1.7856546037364751e-06,-1.3108989622014462,0.9050509109403696,False
18,26,1.9254956740155652e-08,1.2744454672734251,0.1012558810602184,False
18,27,1.1518916664954305e-07,0.1707514611338747,0.4322099585626609,False
18,28,3.24543378837916e-07,0.3302108766277897,0.3706210356421842,False
18,29,8.274082574644127e-08,2.039902770184697,0.0206827389914292,False
18,30,3.173296818204108e-06,0.2285779642805055,0.4095989638284786,False
18,31,1.906603756651748e-05,1.0513974091781333,0.1465407012850039,False
18,32,5.620902356895385e-07,1.430758054264892,0.0762530418148103,False
18,33,-1.5691587123001227e-06,-1.3070789040218476,0.9044039091595334,False
18,34,-9.105390574859484e-08,-1.4411306913826687,0.9252228535785963,False
18,35,-1.556097345201124e-06,-2.7318917977045567,0.9968502572891116,False
19,19,3.0854340593577945e-07,4.857750098188915,5.955048018556226e-07,True
19,20,-9.606469575373922e-07,-2.8114799500008285,0.9975332915117318,False
19,21,0.0001656576496316,6.997066283872561,1.3239775537716734e-12,True
19,22,-1.553898982820101e-07,-0.3735390922609556,0.645625546535058,False
19,23,2.5430448857832744e-08,2.857314891204091,0.0021371275660463,False
19,24,-6.831893273329115e-09,-0.0962638167768788,0.5383442750888082,False
19,25,-2.1239867464828421e-07,-2.124924449637408,0.9832009921071576,False
19,26,-4.624061489266751e-07,-2.6701605282852623,0.9962079728223524,False
19,27,-7.314940262403979e-07,-2.4761533762075767,0.9933579622952936,False
19,28,0.0001486202090745,4.5731608228030005,2.4081025777852997e-06,True
19,29,-3.222314433060092e-07,-1.0686320292189015,0.857379555677709,False
19,30,-5.545667480788552e-09,-0.0747854622091756,0.5298071395999346,False
19,31,-7.783231836810955e-09,-1.0027420435473742,0.8420048011961544,False
19,32,8.19694605525001e-07,2.366550758270644,0.0089793308439793,False
19,33,1.1286294920864749e-07,0.2447002940977429,0.4033447735712725,False
19,34,-6.068393010316696e-10,-0.0075051720083465,0.5029940867198429,False
19,35,-5.69964470287232e-07,-1.708359702018688,0.9562119547978242,False
20,20,1.0030257868720582e-07,0.5924151176963867,0.276787719156104,False
20,21,1.398215090375743e-07,2.403018341339403,0.0081320726030833,False
20,22,-1.25900925240785e-07,-4.076571560863186,0.9999771109046248,False
20,23,-8.999130329812034e-08,-0.7669964383952502,0.7784562957252542,False
20,24,3.525774117107971e-09,0.1393732239304503,0.4445779076212142,False
20,25,4.836463267565705e-05,2.806305944831165,0.0025066640830022,False
20,26,1.0367104863462373e-07,0.5853257510189592,0.2791657284680919,False
20,27,5.890415266662785e-09,0.2478071535793863,0.402142340313992,False
20,28,-3.3059404103141794e-08,-0.4808433343322925,0.6846849788532294,False
20,29,1.630347287573386e-05,2.1846119541359093,0.0144610673037827,False
20,30,2.613881520119321e-07,2.7130038530137064,0.0033350061226277,False
20,31,0.0008499360410496,11.062455006519256,1.032644423858727e-28,True
20,32,-1.3244203955764533e-07,-0.2116338304354358,0.5838031932653045,False
20,33,4.108410576009192e-05,3.5186151598518665,0.0002171034310789,False
20,34,-3.012093827692297e-07,-1.9817217794226272,0.9762419560136136,False
20,35,1.13898177005467e-05,1.3480564781529651,0.0888232923535303,False
21,21,0.0001379135355819,7.052747807352931,8.889268333445021e-13,True
21,22,0.0001659643021412,4.7599947433991785,9.70808460775652e-07,True
21,23,3.5086757179669803e-06,2.589429593204629,0.0048082059897829,False
21,24,1.231891531006113e-07,2.819598599054651,0.0024051733410732,False
21,25,-1.5068539482854248e-07,-2.637365641607484,0.995821016950667,False
21,26,4.272979197139648e-07,1.8894993934391573,0.0294154848958359,False
21,27,7.793532930122637e-09,1.0137996890597394,0.155341728987154,False
21,28,4.490892422381876e-07,1.940498301544024,0.0261625064658201,False
21,29,1.4489705435494216e-08,2.784469570771339,0.0026818178796769,False
21,30,3.281215322203934e-05,2.028914294996499,0.0212362664928056,False
21,31,2.023586489485752e-07,1.1486347335665503,0.1253561785281556,False
21,32,5.0976268539670855e-05,2.56128044068963,0.0052158719412293,False
21,33,0.0005155389662832,9.426478823945178,2.2114497561487896e-21,True
21,34,-1.1762505891965702e-05,-1.2269053094909597,0.8900678972958812,False
21,35,0.0003285772982053,8.813761282818918,6.248948788864436e-19,True
22,22,9.734711784403773e-05,2.377390459414842,0.008719758964152,False
22,23,2.3300933094105858e-07,3.28415838623485,0.0005118033260657,False
22,24,-1.0376094223829568e-06,-2.205584036238656,0.9862910684330894,False
22,25,-2.434819919017173e-07,-1.4362020297275429,0.9245243080189136,False
22,26,9.056054750544719e-08,0.0436720159575189,0.4825830138816717,False
22,27,5.354019594960846e-05,3.0960030295048293,0.0009813068878129,False
22,28,-5.86946362091112e-06,-0.7281126677210477,0.7667259126793262,False
22,29,8.388121386815328e-06,3.1306247375660385,0.0008726979936887,False
22,30,-1.4836192274714222e-09,-0.1015992433475733,0.5404623976096241,False
22,31,-1.510267679805111e-07,-2.846852034132043,0.9977913689866056,False
22,32,1.235377453667752e-07,0.7136314908738705,0.2377292760688666,False
22,33,-2.8091852755096625e-07,-0.6904722771398283,0.7550497103487681,False
22,34,3.812967275251822e-09,0.1965523135443262,0.4220893618107316,False
22,35,6.232603936950909e-06,0.9582413180201732,0.1689729585632806,False
23,23,-4.134529518751151e-08,-0.5077717606091942,0.694192124398937,False
23,24,-7.798876566766921e-08,-1.7572215534401046,0.9605567837348836,False
23,25,-2.828086032025112e-08,-0.3657126222468869,0.64270943032333,False
23,26,-7.879761199092172e-08,-0.4515750672235342,0.6742114115278586,False
23,27,-2.126544274005937e-07,-1.5668150118761957,0.9414177326163636,False
23,28,0.0001141800385084,3.70512237028164,0.0001057629514554,False
23,29,4.675489861938331e-08,0.4810170112172468,0.3152533014079891,False
23,30,5.14810594154369e-09,0.3358962510377579,0.3684752867815121,False
23,31,-3.2676329198011445e-08,-1.2488618703058656,0.8941391523322311,False
23,32,-7.10978156348574e-08,-0.7162196603991645,0.7630703938327621,False
23,33,-1.3362411621642424e-08,-0.04179035452298,0.5166670008844444,False
23,34,-2.494406459163656e-08,-2.0777833458499653,0.9811326874943724,False
23,35,6.451416538766352e-07,0.8352332104078539,0.2017952874195129,False
24,24,6.311664037639275e-05,3.4119009490929577,0.0003228238397123,False
24,25,7.363444456132129e-05,3.9540819425487537,3.846964466658834e-05,True
24,26,-6.167749089236452e-10,-0.1155535451103376,0.5459965672121205,False
24,27,3.226640785669588e-07,1.2579467005919045,0.1042085785356793,False
24,28,7.183716661529616e-05,2.9690859484088103,0.0014941736105678,False
24,29,9.882599982802277e-08,1.0475458909036386,0.1474265786195349,False
24,30,-2.4225084871432045e-07,-1.535390206481514,0.9376526978400636,False
24,31,-1.5259198349326653e-08,-0.1146726296832279,0.5456474554177893,False
24,32,6.477051101683173e-06,1.2018806537990108,0.1147078526297153,False
24,33,1.530245185676904e-06,1.9133441025044489,0.0278549811753766,False
24,34,-1.317407196665954e-07,-2.496737754156952,0.9937312555958806,False
24,35,5.098838018469111e-10,0.020846682539336,0.4916840226287515,False
25,25,3.9774466387143554e-08,0.159339447353657,0.436701057101695,False
25,26,-3.817604010691866e-08,-0.7584510820605775,0.7759076428624554,False
25,27,1.3035014490014871e-06,0.7275050054255856,0.233460100704765,False
25,28,-2.393995828242623e-07,-0.3128934449202414,0.6228185108051572,False
25,29,6.061194653739221e-05,3.629932320676637,0.0001418951226685,False
25,30,5.417536613094853e-06,3.139933549394961,0.0008454435016046,False
25,31,4.614563806626393e-07,1.9838929851131328,0.0236367312556324,False
25,32,-1.3658355335621764e-08,-0.3618293374751818,0.6412594193213188,False
25,33,0.0006091021350584,10.297657227071126,3.8317066542698728e-25,True
25,34,2.651672659226278e-09,0.2224558676991328,0.4119799861255743,False
25,35,-7.959956604963736e-08,-0.9169921079139124,0.8204243066964034,False
26,26,5.548985791392624e-05,2.95252240311657,0.0015767094786746,False
26,27,-3.7508283412535093e-07,-0.5083397709940586,0.694391289328212,False
26,28,-3.282671912074875e-07,-1.7982448836927902,0.9639277521374376,False
26,29,-5.706840155994541e-08,-1.527279613234095,0.9366509544523904,False
26,30,-1.202495354846178e-06,-0.0810133673882953,0.5322841700766778,False
26,31,-4.179037489393522e-07,-1.3497198283234249,0.9114438800174464,False
26,32,1.5629308336428949e-06,3.561644666948016,0.0001844478849934,False
26,33,0.0005450359894894,9.393502995946973,3.0246687149796777e-21,True
26,34,3.2371424651955756e-08,0.8055494175589459,0.2102533475084111,False
26,35,2.332378379321653e-08,0.2027275535000922,0.4196744228520715,False
27,27,0.0003005782782565,7.597877147603378,1.5324064839749844e-14,True
27,28,1.0375802617090812e-07,1.2990878117458475,0.0969600202093771,False
27,29,-9.310994641964498e-08,-1.3897019338297891,0.9176870710441632,False
27,30,4.207279289403232e-07,2.079407603164858,0.0187926009139006,False
27,31,-6.155931231432987e-08,-0.5836337248415956,0.7202652450626834,False
27,32,6.165626018628245e-07,0.798347635996321,0.2123363672698826,False
27,33,0.0018978873267769,17.363627131349233,1.2508130736386343e-67,True
27,34,3.1445102649740875e-05,1.915442658055985,0.0277210076653764,False
27,35,-3.4671565174448915e-08,-0.5337393326375811,0.7032378170462339,False
28,28,1.561461431265343e-05,1.1900829529226398,0.1170098402621966,False
28,29,-7.801477686086855e-09,-1.5086244120222063,0.9342993104607544,False
28,30,1.4564696471097704e-07,1.216410768244736,0.1119172351284742,False
28,31,-1.6305308236042038e-05,-1.252255474579672,0.8947585529818451,False
28,32,-2.374894734202826e-07,-2.7074414867136243,0.996608598087936,False
28,33,0.0007499350467696,10.681296485075771,6.670281509520102e-27,True
28,34,-4.9880372898769565e-06,-1.7625176950700572,0.9610058810982516,False
28,35,9.238794154953212e-05,2.702698572135189,0.0034401648304132,False
29,29,0.000144190256833,3.983968541210327,3.393694027156879e-05,True
29,30,1.437793883951599e-07,1.767444620773816,0.038580076768667,False
29,31,1.5829914445930626e-07,2.2268705770146027,0.0129802745339476,False
29,32,-4.6082924143320276e-08,-0.4462709866035305,0.6722982369604162,False
29,33,0.0005207651993259,10.008254222990931,7.393749961698698e-24,True
29,34,3.70273511407504e-07,1.7663490175604215,0.0386718364318464,False
29,35,-7.0419821440737e-07,-0.6438599093605345,0.7401653201641318,False
30,30,-3.554452632670291e-05,-3.04372207283586,0.9988310129810788,False
30,31,-1.936141842406869e-07,-2.3685801015576184,0.9910697734684836,False
30,32,9.726782991492657e-06,0.6502953949638606,0.2577522730008185,False
30,33,-9.521099855192006e-06,-0.996114974304206,0.840400344761611,False
30,34,-7.2184589043899905e-06,-1.2896177516297875,0.9014051860623968,False
30,35,1.893895750981756e-05,2.4440157955660773,0.0072641836439145,False
31,31,2.715073037506955e-07,3.2413896293290763,0.0005951481625658,False
31,32,9.030673936649691e-06,1.8220714684633872,0.0342251834783106,False
31,33,0.0007170399767346,10.853948336996869,1.0277428851385665e-27,True
31,34,7.056342354871958e-08,0.418122016131715,0.337929890444693,False
31,35,1.0653315740682957e-07,2.40466865598986,0.0080954502036822,False
32,32,-1.2125737214319088e-07,-0.6423723146293708,0.7396827291981762,False
32,33,0.000216599102714,6.189241729048012,3.047115651456608e-10,True
32,34,4.0410434110071947e-08,0.0550129169417636,0.4780642011455449,False
32,35,0.0001650736958254,4.929058822351162,4.14509494340328e-07,True
33,33,0.000210396174225,6.522448379739312,3.492738089686395e-11,True
33,34,0.0034787955228239,19.223965456487942,2.3770830260558319e-82,True
33,35,0.0065716374665498,28.46909063773653,4.213911192006196e-177,True
34,34,5.18787928740494e-05,2.321130949120104,0.0101419737339578,False
34,35,0.0001510061847511,3.5771864754473435,0.0001738271016546,False
35,35,3.961420225095935e-05,3.135484957533305,0.0008583689654144,False
